e_maxalloc,e_lfanew,NumberOfSections,FH_char0,FH_char2,FH_char3,FH_char5,FH_char6,FH_char8,FH_char9,FH_char10,FH_char12,FH_char14,MajorLinkerVersion,MinorLinkerVersion,BaseOfData,ImageBase,MajorOperatingSystemVersion,MinorOperatingSystemVersion,MajorSubsystemVersion,MinorSubsystemVersion,SizeOfImage,SizeOfHeaders,Subsystem,OH_DLLchar0,OH_DLLchar1,OH_DLLchar2,OH_DLLchar4,OH_DLLchar7,OH_DLLchar8,SizeOfStackReserve,SizeOfHeapReserve,SizeOfHeapCommit,sus_sections,non_sus_sections,E_text,E_data,filesize,E_file,fileinfo,class
65535,224,4,1,0,0,0,0,256,0,0,0,0,9,0,327680,1,5,0,5,0,1,1,2,0,0,0,0,0,0,1048576,1048576,4096,0,4,6.093287778,4.976458761,619008,5.09236328,0,3
65535,128,5,0,0,0,0,0,256,0,0,0,0,8,0,8192,1,4,0,4,0,1,1,2,0,0,0,0,64,0,1048576,1048576,4096,3,2,5.390563949,0,290304,7.677661533,1,3
65535,224,4,1,4,8,0,0,256,0,0,0,0,6,0,53248,1,4,0,4,0,1,1,2,0,0,0,0,0,0,1048576,1048576,4096,0,4,6.536941884,4.143341973,184320,6.774164648,1,3
65535,232,5,0,0,0,0,0,256,0,0,0,0,11,0,126976,1,5,1,5,1,1,1,3,0,0,0,0,64,0,1048576,1048576,4096,1,4,6.636626104,3.630233313,2415104,6.364969519,0,3
65535,240,5,0,0,0,0,0,256,0,0,0,0,10,0,53248,1,5,1,5,1,1,1,3,0,0,0,0,64,0,1048576,1048576,4096,1,4,6.546530609,5.426989138,362360,7.801934335,0,3
65535,128,3,0,0,0,0,0,256,0,0,0,0,8,0,614400,1,4,0,4,0,1,1,2,0,0,0,0,64,0,1048576,1048576,4096,1,2,7.09041296,0,720896,7.191188223,0,3
65535,272,3,0,0,0,32,0,256,0,0,0,0,12,0,1781760,1,5,1,5,1,1,1,2,0,0,0,0,64,0,4194304,4194304,4096,2,1,0,0,1246725,7.981655332,0,3
65535,240,4,1,0,0,0,0,256,0,0,0,0,8,0,225280,1,4,0,4,0,1,1,2,0,0,0,0,0,0,1048576,1048576,4096,0,4,6.661540384,4.968354195,290816,6.466380764,0,3
65535,128,9,1,4,8,0,0,256,512,0,0,0,2,24,45056,1,4,0,4,0,1,1,2,0,0,0,0,0,0,2097152,1048576,4096,2,7,6.318906653,0.411490004,263680,7.11631147,0,3
65535,128,9,1,4,8,0,0,256,512,0,0,0,2,24,49152,1,4,0,4,0,1,1,2,0,0,0,0,0,0,2097152,1048576,4096,2,7,6.322590503,0.409058143,267278,7.118811309,0,3
65535,128,3,0,0,0,0,0,256,0,0,0,0,8,0,90112,1,4,0,4,0,1,1,2,0,0,0,0,64,0,1048576,1048576,4096,1,2,5.516263391,0,84480,5.479308319,0,3
65535,128,3,0,0,0,0,0,256,0,0,0,0,11,0,98304,1,4,0,4,0,1,1,2,0,0,0,0,64,0,1048576,1048576,4096,1,2,5.509991886,0,93184,5.481932321,1,3
65535,128,3,1,0,0,0,0,256,0,0,0,0,11,0,98304,0,4,0,4,0,1,1,2,0,0,0,0,64,0,1048576,1048576,4096,1,2,5.416345265,0,102400,5.119561661,0,3
65535,128,3,0,0,0,0,0,256,0,0,0,0,8,0,98304,1,4,0,4,0,1,1,2,0,0,0,0,64,0,1048576,1048576,4096,1,2,5.471832721,0,89600,5.437734781,0,3
65535,128,3,0,0,0,0,0,256,0,0,0,0,11,0,98304,1,4,0,4,0,1,1,2,0,0,0,0,64,0,1048576,1048576,4096,1,2,4.03670235,0,924160,7.863194967,0,3
65535,256,8,0,4,8,0,0,256,0,0,0,0,2,25,258048,1,4,0,4,0,1,1,2,0,0,0,0,0,0,16777216,1048576,4096,4,4,0,0,379392,7.10450787,0,3
65535,256,8,0,4,8,0,0,256,0,0,0,0,2,25,258048,1,4,0,4,0,1,1,2,0,0,0,0,0,0,16777216,1048576,4096,4,4,0,0,379392,7.102931505,0,3
65535,256,8,0,4,8,0,0,256,0,0,0,0,2,25,258048,1,4,0,4,0,1,1,2,0,0,0,0,0,0,16777216,1048576,4096,4,4,0,0,337408,6.934176961,0,3
65535,248,4,1,4,8,0,0,256,0,0,0,0,6,0,32768,1,4,0,4,0,1,1,2,0,0,0,0,0,0,1048576,1048576,4096,0,4,6.404235106,4.455749508,3514368,7.995470941,1,3
65535,224,5,0,4,8,0,0,256,0,0,0,0,6,0,8192,1,4,0,4,0,1,1,2,0,0,0,0,0,0,1048576,1048576,4096,1,4,1.442997124,0.085238686,5267459,4.728988078,0,3
65535,256,5,0,0,0,0,0,256,0,0,0,0,14,0,61440,1,5,0,5,0,1,1,2,0,0,0,0,64,0,1048576,1048576,4096,1,4,6.452879795,6.781441791,78848,6.5669086,1,3
65535,256,5,0,0,0,0,0,256,0,0,0,0,14,0,61440,1,5,0,5,0,1,1,2,0,0,0,0,64,0,1048576,1048576,4096,1,4,6.456729351,6.339732094,257024,6.763510979,1,3
65535,224,4,1,0,0,0,0,256,0,0,0,0,9,0,327680,1,5,0,5,0,1,1,2,0,0,0,0,0,0,1048576,1048576,4096,0,4,6.093287778,4.976458761,619008,5.09236328,0,2
65535,128,5,0,0,0,0,0,256,0,0,0,0,8,0,8192,1,4,0,4,0,1,1,2,0,0,0,0,64,0,1048576,1048576,4096,3,2,5.390563949,0,290304,7.677661533,1,2
65535,224,4,1,4,8,0,0,256,0,0,0,0,6,0,53248,1,4,0,4,0,1,1,2,0,0,0,0,0,0,1048576,1048576,4096,0,4,6.536941884,4.143341973,184320,6.774164648,1,2
65535,232,5,0,0,0,0,0,256,0,0,0,0,11,0,126976,1,5,1,5,1,1,1,3,0,0,0,0,64,0,1048576,1048576,4096,1,4,6.636626104,3.630233313,2415104,6.364969519,0,2
65535,240,5,0,0,0,0,0,256,0,0,0,0,10,0,53248,1,5,1,5,1,1,1,3,0,0,0,0,64,0,1048576,1048576,4096,1,4,6.546530609,5.426989138,362360,7.801934335,0,2
65535,128,3,0,0,0,0,0,256,0,0,0,0,8,0,614400,1,4,0,4,0,1,1,2,0,0,0,0,64,0,1048576,1048576,4096,1,2,7.09041296,0,720896,7.191188223,0,2
65535,272,3,0,0,0,32,0,256,0,0,0,0,12,0,1781760,1,5,1,5,1,1,1,2,0,0,0,0,64,0,4194304,4194304,4096,2,1,0,0,1246725,7.981655332,0,2
65535,240,4,1,0,0,0,0,256,0,0,0,0,8,0,225280,1,4,0,4,0,1,1,2,0,0,0,0,0,0,1048576,1048576,4096,0,4,6.661540384,4.968354195,290816,6.466380764,0,2
65535,128,9,1,4,8,0,0,256,512,0,0,0,2,24,45056,1,4,0,4,0,1,1,2,0,0,0,0,0,0,2097152,1048576,4096,2,7,6.318906653,0.411490004,263680,7.11631147,0,2
65535,128,9,1,4,8,0,0,256,512,0,0,0,2,24,49152,1,4,0,4,0,1,1,2,0,0,0,0,0,0,2097152,1048576,4096,2,7,6.322590503,0.409058143,267278,7.118811309,0,2
65535,128,3,0,0,0,0,0,256,0,0,0,0,8,0,90112,1,4,0,4,0,1,1,2,0,0,0,0,64,0,1048576,1048576,4096,1,2,5.516263391,0,84480,5.479308319,0,2
65535,128,3,0,0,0,0,0,256,0,0,0,0,11,0,98304,1,4,0,4,0,1,1,2,0,0,0,0,64,0,1048576,1048576,4096,1,2,5.509991886,0,93184,5.481932321,1,2
65535,128,3,1,0,0,0,0,256,0,0,0,0,11,0,98304,0,4,0,4,0,1,1,2,0,0,0,0,64,0,1048576,1048576,4096,1,2,5.416345265,0,102400,5.119561661,0,2
65535,128,3,0,0,0,0,0,256,0,0,0,0,8,0,98304,1,4,0,4,0,1,1,2,0,0,0,0,64,0,1048576,1048576,4096,1,2,5.471832721,0,89600,5.437734781,0,2
65535,128,3,0,0,0,0,0,256,0,0,0,0,11,0,98304,1,4,0,4,0,1,1,2,0,0,0,0,64,0,1048576,1048576,4096,1,2,4.03670235,0,924160,7.863194967,0,2
65535,256,8,0,4,8,0,0,256,0,0,0,0,2,25,258048,1,4,0,4,0,1,1,2,0,0,0,0,0,0,16777216,1048576,4096,4,4,0,0,379392,7.10450787,0,2
65535,256,8,0,4,8,0,0,256,0,0,0,0,2,25,258048,1,4,0,4,0,1,1,2,0,0,0,0,0,0,16777216,1048576,4096,4,4,0,0,379392,7.102931505,0,2
65535,256,8,0,4,8,0,0,256,0,0,0,0,2,25,258048,1,4,0,4,0,1,1,2,0,0,0,0,0,0,16777216,1048576,4096,4,4,0,0,337408,6.934176961,0,2
65535,248,4,1,4,8,0,0,256,0,0,0,0,6,0,32768,1,4,0,4,0,1,1,2,0,0,0,0,0,0,1048576,1048576,4096,0,4,6.404235106,4.455749508,3514368,7.995470941,1,2
65535,224,5,0,4,8,0,0,256,0,0,0,0,6,0,8192,1,4,0,4,0,1,1,2,0,0,0,0,0,0,1048576,1048576,4096,1,4,1.442997124,0.085238686,5267459,4.728988078,0,2
65535,256,5,0,0,0,0,0,256,0,0,0,0,14,0,61440,1,5,0,5,0,1,1,2,0,0,0,0,64,0,1048576,1048576,4096,1,4,6.452879795,6.781441791,78848,6.5669086,1,2
65535,256,5,0,0,0,0,0,256,0,0,0,0,14,0,61440,1,5,0,5,0,1,1,2,0,0,0,0,64,0,1048576,1048576,4096,1,4,6.456729351,6.339732094,257024,6.763510979,1,2
