e_cblp,e_cp,e_cparhdr,e_maxalloc,e_sp,e_lfanew,NumberOfSections,CreationYear,FH_char0,FH_char1,FH_char2,FH_char3,FH_char4,FH_char5,FH_char6,FH_char7,FH_char8,FH_char9,FH_char10,FH_char11,FH_char12,FH_char13,FH_char14,MajorLinkerVersion,MinorLinkerVersion,SizeOfCode,SizeOfInitializedData,SizeOfUninitializedData,AddressOfEntryPoint,BaseOfCode,BaseOfData,ImageBase,SectionAlignment,FileAlignment,MajorOperatingSystemVersion,MinorOperatingSystemVersion,MajorImageVersion,MinorImageVersion,MajorSubsystemVersion,MinorSubsystemVersion,SizeOfImage,SizeOfHeaders,CheckSum,Subsystem,OH_DLL,OH_char1,OH_char2,OH_char3,OH_char4,OH_char5,OH_char6,OH_char7,OH_char8,OH_char9,OH_char10,SizeOfStackReserve,SizeOfStackCommit,SizeOfHeapReserve,SizeOfHeapCommit,LoaderFlags,sus_sections,non_sus_sections,packer,packer_type,E_text,E_data,file_size,E_file,fileinfo,class
144,3,4,65535,184,224,4,0,1,2,0,0,0,0,0,0,256,0,0,0,0,0,0,9,0,323072,294912,0,324832,4096,327680,1,1,1,5,0,0,0,5,0,1,1,0,2,0,0,0,0,0,0,0,0,0,0,0,1048576,4096,1048576,4096,0,0,4,0,NoPacker,6.093287778,4.976458761,619008,5.09236328,0,3
144,3,4,65535,184,128,5,0,0,2,0,0,0,0,0,0,256,0,0,0,0,0,0,8,0,72704,216576,0,319498,229376,8192,1,1,1,4,0,0,0,4,0,1,1,0,2,0,0,0,0,0,0,0,64,0,256,0,1048576,4096,1048576,4096,0,3,2,0,NoPacker,5.390563949,0,290304,7.677661533,1,3
144,3,4,65535,184,224,4,0,1,2,4,8,0,0,0,0,256,0,0,0,0,0,0,6,0,49152,3948544,0,49372,4096,53248,1,1,1,4,0,0,0,4,0,1,1,0,2,0,0,0,0,0,0,0,0,0,0,0,1048576,4096,1048576,4096,0,0,4,1,Armadillov171,6.536941884,4.143341973,184320,6.774164648,1,3
144,3,4,65535,184,232,5,0,0,2,0,0,0,0,0,0,256,0,0,0,0,0,0,11,0,122880,2299392,0,33303,4096,126976,1,1,1,5,1,0,0,5,1,1,1,0,3,0,0,0,0,0,0,0,64,0,256,0,1048576,4096,1048576,4096,0,1,4,0,NoPacker,6.636626104,3.630233313,2415104,6.364969519,0,3
144,3,4,65535,184,240,5,0,0,2,0,0,0,0,0,0,256,0,0,0,0,8192,0,10,0,48640,306688,0,32057,4096,53248,1,1,1,5,1,0,0,5,1,1,1,375651,3,0,0,0,0,0,0,0,64,0,256,0,1048576,4096,1048576,4096,0,1,4,0,NoPacker,6.546530609,5.426989138,362360,7.801934335,0,3
144,3,4,65535,184,128,3,0,0,2,0,0,0,0,0,0,256,0,0,0,0,0,0,8,0,601600,118784,0,609738,8192,614400,1,1,1,4,0,0,0,4,0,1,1,0,2,0,0,0,0,0,0,0,64,0,256,0,1048576,4096,1048576,4096,0,1,2,0,NoPacker,7.09041296,0,720896,7.191188223,0,3
144,3,4,65535,184,272,3,0,0,2,0,0,0,32,0,0,256,0,0,0,0,0,0,12,0,352256,897024,1425408,1780448,1429504,1781760,1,1,1,5,1,0,0,5,1,1,1,0,2,0,0,0,0,0,0,0,64,0,0,0,4194304,4096,4194304,4096,0,2,1,1,UPXV200V290MarkusOberhumerLaszloMolnarJohnReiser,0,0,1246725,7.981655332,0,3
144,3,4,65535,184,240,4,0,1,2,0,0,0,0,0,0,256,0,0,0,0,0,0,8,0,221184,65536,0,153505,4096,225280,1,1,1,4,0,0,0,4,0,1,1,354365,2,0,0,0,0,0,0,0,0,0,0,0,1048576,4096,1048576,4096,0,0,4,0,NoPacker,6.661540384,4.968354195,290816,6.466380764,0,3
144,3,4,65535,184,128,9,0,1,2,4,8,0,0,0,0,256,512,0,0,0,0,0,2,24,39424,262656,3072,4800,4096,45056,1,1,1,4,0,1,0,4,0,1,1,267403,2,0,0,0,0,0,0,0,0,0,0,0,2097152,4096,1048576,4096,0,2,7,0,NoPacker,6.318906653,0.411490004,263680,7.11631147,0,3
144,3,4,65535,184,128,9,0,1,2,4,8,0,0,0,0,256,512,0,0,0,0,0,2,24,43008,266240,3072,4800,4096,49152,1,1,1,4,0,1,0,4,0,1,1,281743,2,0,0,0,0,0,0,0,0,0,0,0,2097152,4096,1048576,4096,0,2,7,0,NoPacker,6.322590503,0.409058143,267278,7.118811309,0,3
144,3,4,65535,184,128,3,0,0,2,0,0,0,0,0,0,256,0,0,0,0,0,0,8,0,81920,2048,0,89774,8192,90112,1,1,1,4,0,0,0,4,0,1,1,0,2,0,0,0,0,0,0,0,64,0,256,0,1048576,4096,1048576,4096,0,1,2,1,NETexecutableMicrosoft,5.516263391,0,84480,5.479308319,0,3
144,3,4,65535,184,128,3,0,0,2,0,0,0,0,0,0,256,0,0,0,0,0,0,11,0,90112,2560,0,97918,8192,98304,1,1,1,4,0,0,0,4,0,1,1,0,2,0,0,0,0,0,0,0,64,0,256,0,1048576,4096,1048576,4096,0,1,2,1,NETexecutableMicrosoft,5.509991886,0,93184,5.481932321,1,3
144,3,4,65535,184,128,3,0,1,2,0,0,0,0,0,0,256,0,0,0,0,0,0,11,0,90112,2560,0,1919319279,8192,98304,0,1,1,4,0,0,0,4,0,1,1,0,2,0,0,0,0,0,0,0,64,0,256,0,1048576,4096,1048576,4096,0,1,2,1,NETexecutableMicrosoft,5.416345265,0,102400,5.119561661,0,3
144,3,4,65535,184,128,3,0,0,2,0,0,0,0,0,0,256,0,0,0,0,0,0,8,0,87040,2048,0,95034,8192,98304,1,1,1,4,0,0,0,4,0,1,1,0,2,0,0,0,0,0,0,0,64,0,256,0,1048576,4096,1048576,4096,0,1,2,0,NoPacker,5.471832721,0,89600,5.437734781,0,3
144,3,4,65535,184,128,3,0,0,2,0,0,0,0,0,0,256,0,0,0,0,0,0,11,0,84992,838656,0,93006,8192,98304,1,1,1,4,0,0,0,4,0,1,1,0,2,0,0,0,0,0,0,0,64,0,256,0,1048576,4096,1048576,4096,0,1,2,1,NETexecutableMicrosoft,4.03670235,0,924160,7.863194967,0,3
80,2,4,65535,184,256,8,0,0,2,4,8,0,0,0,128,256,0,0,0,0,0,0,2,25,251392,126976,0,238768,4096,258048,1,1,1,4,0,0,0,4,0,1,1,441052,2,0,0,0,0,0,0,0,0,0,0,0,16777216,16384,1048576,4096,0,4,4,0,NoPacker,0,0,379392,7.10450787,0,3
80,2,4,65535,184,256,8,0,0,2,4,8,0,0,0,128,256,0,0,0,0,0,0,2,25,251392,126976,0,238768,4096,258048,1,1,1,4,0,0,0,4,0,1,1,404309,2,0,0,0,0,0,0,0,0,0,0,0,16777216,16384,1048576,4096,0,4,4,0,NoPacker,0,0,379392,7.102931505,0,3
80,2,4,65535,184,256,8,0,0,2,4,8,0,0,0,128,256,0,0,0,0,0,0,2,25,251392,84992,0,238768,4096,258048,1,1,1,4,0,0,0,4,0,1,1,342479,2,0,0,0,0,0,0,0,0,0,0,0,16777216,16384,1048576,4096,0,4,4,0,NoPacker,0,0,337408,6.934176961,0,3
144,3,4,65535,184,248,4,0,1,2,4,8,0,0,0,0,256,0,0,0,0,0,0,6,0,28672,3481600,0,30650,4096,32768,1,1,1,4,0,0,0,4,0,1,1,0,2,0,0,0,0,0,0,0,0,0,0,0,1048576,4096,1048576,4096,0,0,4,1,Armadillov171,6.404235106,4.455749508,3514368,7.995470941,1,3
144,3,4,65535,184,224,5,0,0,2,4,8,0,0,0,0,256,0,0,0,0,8192,0,6,0,4096,5259264,0,4585,4096,8192,1,1,1,4,0,0,0,4,0,1,1,0,2,0,0,0,0,0,0,0,0,0,0,0,1048576,4096,1048576,4096,0,1,4,1,Armadillov1xxv2xx,1.442997124,0.085238686,5267459,4.728988078,0,3
144,3,4,65535,184,256,5,0,0,2,0,0,0,0,0,0,256,0,0,0,0,0,0,14,0,53760,14336,0,52512,4096,61440,1,1,1,5,0,0,0,5,0,1,1,132584,2,0,0,0,0,0,0,0,64,0,256,0,1048576,4096,1048576,4096,0,1,4,0,NoPacker,6.452879795,6.781441791,78848,6.5669086,1,3
144,3,4,65535,184,256,5,0,0,2,0,0,0,0,0,0,256,0,0,0,0,0,0,14,0,53760,14336,0,52512,4096,61440,1,1,1,5,0,0,0,5,0,1,1,299560,2,0,0,0,0,0,0,0,64,0,256,0,1048576,4096,1048576,4096,0,1,4,0,NoPacker,6.456729351,6.339732094,257024,6.763510979,1,3
144,3,4,65535,184,224,4,0,1,2,0,0,0,0,0,0,256,0,0,0,0,0,0,9,0,323072,294912,0,324832,4096,327680,1,1,1,5,0,0,0,5,0,1,1,0,2,0,0,0,0,0,0,0,0,0,0,0,1048576,4096,1048576,4096,0,0,4,0,NoPacker,6.093287778,4.976458761,619008,5.09236328,0,2
144,3,4,65535,184,128,5,0,0,2,0,0,0,0,0,0,256,0,0,0,0,0,0,8,0,72704,216576,0,319498,229376,8192,1,1,1,4,0,0,0,4,0,1,1,0,2,0,0,0,0,0,0,0,64,0,256,0,1048576,4096,1048576,4096,0,3,2,0,NoPacker,5.390563949,0,290304,7.677661533,1,2
144,3,4,65535,184,224,4,0,1,2,4,8,0,0,0,0,256,0,0,0,0,0,0,6,0,49152,3948544,0,49372,4096,53248,1,1,1,4,0,0,0,4,0,1,1,0,2,0,0,0,0,0,0,0,0,0,0,0,1048576,4096,1048576,4096,0,0,4,1,Armadillov171,6.536941884,4.143341973,184320,6.774164648,1,2
144,3,4,65535,184,232,5,0,0,2,0,0,0,0,0,0,256,0,0,0,0,0,0,11,0,122880,2299392,0,33303,4096,126976,1,1,1,5,1,0,0,5,1,1,1,0,3,0,0,0,0,0,0,0,64,0,256,0,1048576,4096,1048576,4096,0,1,4,0,NoPacker,6.636626104,3.630233313,2415104,6.364969519,0,2
144,3,4,65535,184,240,5,0,0,2,0,0,0,0,0,0,256,0,0,0,0,8192,0,10,0,48640,306688,0,32057,4096,53248,1,1,1,5,1,0,0,5,1,1,1,375651,3,0,0,0,0,0,0,0,64,0,256,0,1048576,4096,1048576,4096,0,1,4,0,NoPacker,6.546530609,5.426989138,362360,7.801934335,0,2
144,3,4,65535,184,128,3,0,0,2,0,0,0,0,0,0,256,0,0,0,0,0,0,8,0,601600,118784,0,609738,8192,614400,1,1,1,4,0,0,0,4,0,1,1,0,2,0,0,0,0,0,0,0,64,0,256,0,1048576,4096,1048576,4096,0,1,2,0,NoPacker,7.09041296,0,720896,7.191188223,0,2
144,3,4,65535,184,272,3,0,0,2,0,0,0,32,0,0,256,0,0,0,0,0,0,12,0,352256,897024,1425408,1780448,1429504,1781760,1,1,1,5,1,0,0,5,1,1,1,0,2,0,0,0,0,0,0,0,64,0,0,0,4194304,4096,4194304,4096,0,2,1,1,UPXV200V290MarkusOberhumerLaszloMolnarJohnReiser,0,0,1246725,7.981655332,0,2
144,3,4,65535,184,240,4,0,1,2,0,0,0,0,0,0,256,0,0,0,0,0,0,8,0,221184,65536,0,153505,4096,225280,1,1,1,4,0,0,0,4,0,1,1,354365,2,0,0,0,0,0,0,0,0,0,0,0,1048576,4096,1048576,4096,0,0,4,0,NoPacker,6.661540384,4.968354195,290816,6.466380764,0,2
144,3,4,65535,184,128,9,0,1,2,4,8,0,0,0,0,256,512,0,0,0,0,0,2,24,39424,262656,3072,4800,4096,45056,1,1,1,4,0,1,0,4,0,1,1,267403,2,0,0,0,0,0,0,0,0,0,0,0,2097152,4096,1048576,4096,0,2,7,0,NoPacker,6.318906653,0.411490004,263680,7.11631147,0,2
144,3,4,65535,184,128,9,0,1,2,4,8,0,0,0,0,256,512,0,0,0,0,0,2,24,43008,266240,3072,4800,4096,49152,1,1,1,4,0,1,0,4,0,1,1,281743,2,0,0,0,0,0,0,0,0,0,0,0,2097152,4096,1048576,4096,0,2,7,0,NoPacker,6.322590503,0.409058143,267278,7.118811309,0,2
144,3,4,65535,184,128,3,0,0,2,0,0,0,0,0,0,256,0,0,0,0,0,0,8,0,81920,2048,0,89774,8192,90112,1,1,1,4,0,0,0,4,0,1,1,0,2,0,0,0,0,0,0,0,64,0,256,0,1048576,4096,1048576,4096,0,1,2,1,NETexecutableMicrosoft,5.516263391,0,84480,5.479308319,0,2
144,3,4,65535,184,128,3,0,0,2,0,0,0,0,0,0,256,0,0,0,0,0,0,11,0,90112,2560,0,97918,8192,98304,1,1,1,4,0,0,0,4,0,1,1,0,2,0,0,0,0,0,0,0,64,0,256,0,1048576,4096,1048576,4096,0,1,2,1,NETexecutableMicrosoft,5.509991886,0,93184,5.481932321,1,2
144,3,4,65535,184,128,3,0,1,2,0,0,0,0,0,0,256,0,0,0,0,0,0,11,0,90112,2560,0,1919319279,8192,98304,0,1,1,4,0,0,0,4,0,1,1,0,2,0,0,0,0,0,0,0,64,0,256,0,1048576,4096,1048576,4096,0,1,2,1,NETexecutableMicrosoft,5.416345265,0,102400,5.119561661,0,2
144,3,4,65535,184,128,3,0,0,2,0,0,0,0,0,0,256,0,0,0,0,0,0,8,0,87040,2048,0,95034,8192,98304,1,1,1,4,0,0,0,4,0,1,1,0,2,0,0,0,0,0,0,0,64,0,256,0,1048576,4096,1048576,4096,0,1,2,0,NoPacker,5.471832721,0,89600,5.437734781,0,2
144,3,4,65535,184,128,3,0,0,2,0,0,0,0,0,0,256,0,0,0,0,0,0,11,0,84992,838656,0,93006,8192,98304,1,1,1,4,0,0,0,4,0,1,1,0,2,0,0,0,0,0,0,0,64,0,256,0,1048576,4096,1048576,4096,0,1,2,1,NETexecutableMicrosoft,4.03670235,0,924160,7.863194967,0,2
80,2,4,65535,184,256,8,0,0,2,4,8,0,0,0,128,256,0,0,0,0,0,0,2,25,251392,126976,0,238768,4096,258048,1,1,1,4,0,0,0,4,0,1,1,441052,2,0,0,0,0,0,0,0,0,0,0,0,16777216,16384,1048576,4096,0,4,4,0,NoPacker,0,0,379392,7.10450787,0,2
80,2,4,65535,184,256,8,0,0,2,4,8,0,0,0,128,256,0,0,0,0,0,0,2,25,251392,126976,0,238768,4096,258048,1,1,1,4,0,0,0,4,0,1,1,404309,2,0,0,0,0,0,0,0,0,0,0,0,16777216,16384,1048576,4096,0,4,4,0,NoPacker,0,0,379392,7.102931505,0,2
80,2,4,65535,184,256,8,0,0,2,4,8,0,0,0,128,256,0,0,0,0,0,0,2,25,251392,84992,0,238768,4096,258048,1,1,1,4,0,0,0,4,0,1,1,342479,2,0,0,0,0,0,0,0,0,0,0,0,16777216,16384,1048576,4096,0,4,4,0,NoPacker,0,0,337408,6.934176961,0,2
144,3,4,65535,184,248,4,0,1,2,4,8,0,0,0,0,256,0,0,0,0,0,0,6,0,28672,3481600,0,30650,4096,32768,1,1,1,4,0,0,0,4,0,1,1,0,2,0,0,0,0,0,0,0,0,0,0,0,1048576,4096,1048576,4096,0,0,4,1,Armadillov171,6.404235106,4.455749508,3514368,7.995470941,1,2
144,3,4,65535,184,224,5,0,0,2,4,8,0,0,0,0,256,0,0,0,0,8192,0,6,0,4096,5259264,0,4585,4096,8192,1,1,1,4,0,0,0,4,0,1,1,0,2,0,0,0,0,0,0,0,0,0,0,0,1048576,4096,1048576,4096,0,1,4,1,Armadillov1xxv2xx,1.442997124,0.085238686,5267459,4.728988078,0,2
144,3,4,65535,184,256,5,0,0,2,0,0,0,0,0,0,256,0,0,0,0,0,0,14,0,53760,14336,0,52512,4096,61440,1,1,1,5,0,0,0,5,0,1,1,132584,2,0,0,0,0,0,0,0,64,0,256,0,1048576,4096,1048576,4096,0,1,4,0,NoPacker,6.452879795,6.781441791,78848,6.5669086,1,2
144,3,4,65535,184,256,5,0,0,2,0,0,0,0,0,0,256,0,0,0,0,0,0,14,0,53760,14336,0,52512,4096,61440,1,1,1,5,0,0,0,5,0,1,1,299560,2,0,0,0,0,0,0,0,64,0,256,0,1048576,4096,1048576,4096,0,1,4,0,NoPacker,6.456729351,6.339732094,257024,6.763510979,1,2
